source,target
APEX DEVICES (FRANCE) HOLDINGS,APPAREL LTD.
ATLANTIC TRANSPORT COMPANY,ATLANTIC VEHICLES (SWEDEN) ENTERPRISES
CENTRAL LIFE ASSOCIATES,CEDAR SHIPPING (UK) LIMITED
CENTRAL JADE WIRELESS INDUSTRIES,CONTINENTAL DEVICES CORPORATION
MODERN LIMITED,ADVANCED TRANSPORT (SWITZERLAND) CORP.
BROOKFIELD GENETIC ASSOCIATES,BROOKFIELD GARMENT GROUP
CORE ENTERPRISES,SKYLINE INDUSTRIES
ATLANTIC SOFTWARE GROUP WESTFIELD CENTER,COSMIC CO.
APEX VENTURES INTERNATIONAL HILLSIDE OFFICE,ATLAS RESOURCES INTERNATIONAL
CORE LIMITED,WOODLAND CYBER INTERNATIONAL
WESTMONT IRON LLP,WESTMONT HEALTH GLOBAL
WESTERN QUANTUM CARE HOLDINGS,WESTERN PREMIER PARTNERS ASSOCIATES
ASHLAND INDUSTRIES LIMITED,WEB ASSOCIATES
CAPITAL HARDWARE GLOBAL,VELOCITY COMPONENTS PARTNERS
ASHLAND APPAREL PARTNERS,VALLEY MARKET CO.
AVIATION CORPORATION,VALLEY BROTHERS LLP
URBAN STUDIO ENTERPRISES,URBAN SOLUTIONS INDUSTRIES
ADVANCED ASSOCIATES,TITAN DEVICES CORPORATION
CONTINENTAL MOTORS INDUSTRIES,SYNERGY REALTY HOLDINGS CHESTER DEPARTMENT
CONTINENTAL DEVICES CORPORATION,SYNERGY HARVEST CORPORATION
CHESTER TELECOM LTD.,SWIFT MINING (FRANCE) LLC
ATLAS RETAIL WORLDWIDE,SPARROW COMPONENTS GLOBAL CHESTER UNIT
CENTRAL MACHINERY GLOBAL FRANKLIN OUTLET,SOUTHWEST VANGUARD INVESTMENT WORLDWIDE
REDWOOD CYBER LLP BURLINGTON UNIT,SOUTHERN ROYAL BROADBAND GLOBAL
SOUTHERN CLARITY AGRI LTD.,SOUTHERN CENTRAL INTELLIGENCE LIMITED
SOUTHERN ATLANTIC VENTURES GLOBAL,SOUTHERN ATLAS REALTY LLP
ALLIANCE INDUSTRIES (NORWAY) ENTERPRISES,SOUTHEAST VANGUARD INSURANCE CORP.
SOUTHERN HAWK BEVERAGE INC.,SOUTHEAST UNITED AUTO GROUP
SOUTHEAST NORTH ENERGY CO.,SOUTHEAST NORTH BANKING LLC
SECOND PHARMA ENTERPRISES BURLINGTON UNIT,SOUTH TRADING INC.
SMART SOLUTIONS (SWITZERLAND) LIMITED,SMART SERVICES GROUP
EASTERN PRIME GARMENT ENTERPRISES,SMART LTD.
CAPITAL INTELLIGENCE (NETHERLANDS) LLP,SMART COMMERCE ASSOCIATES
BROOKFIELD CORP LLC,SKYLINE HOLDINGS HOLDINGS
BRILLIANT BIO LTD.,SKYLINE COMMERCE PARTNERS EASTBROOK DIVISION
SOUTH VEHICLES (CANADA) COMPANY,SILVERLINE VEHICLES COMPANY MANCHESTER BRANCH
BRIGHT WORLDWIDE,SILVERLINE INDUSTRIES (SWITZERLAND) CORP.
BIO CORP.,SILVERLINE INDUSTRIES (FRANCE) PARTNERS
CENTRAL SOLUTIONS (SWITZERLAND) LLC,SECURITIES LIMITED
CLEARWATER COMMUNICATIONS ENTERPRISES,SALEM ASSOCIATES CO.
COALITION MANAGEMENT (SWITZERLAND) LIMITED,ROYAL TRANSPORT INDUSTRIES MADISON CENTER
SOUTHEAST GOLDCREST DINING GROUP,ROYAL LIMITED
BROOKFIELD RETAIL LLP,ROYAL INC.
CLEARWATER COMMUNICATIONS ENTERPRISES,ROYAL GARMENT ASSOCIATES MIDTOWN HUB
RIVERSIDE WIRELESS LLC,ROYAL BEVERAGE (SWITZERLAND) INDUSTRIES
CORP CO.,RIVERSIDE EQUIPMENT WORLDWIDE
CLEARWATER COMMUNICATIONS ENTERPRISES,RIVERSIDE BEVERAGE HOLDINGS
BRIGHT AUTOMOTIVE ASSOCIATES HILLSIDE OUTLET,RIVER VEHICLES INDUSTRIES
CLEARWATER COMMUNICATIONS ENTERPRISES,RIVER HOLDINGS
CENTRAL MULTI MART GROUP,RIVER BIO COMPANY NORTHFIELD HUB
COALITION RETAIL LIMITED FRANKLIN UNIT,RIDGEWOOD IRON LLP
BRIGHT SOLUTIONS WORLDWIDE,RESOURCES HOLDINGS
BETA GROUP PARTNERS GEORGETOWN DIVISION,RESORT INC.
CHEMICALS ENTERPRISES,RAVEN WORLDWIDE
CENTRAL LIMITED,RAVEN RESOURCES LTD. SOUTHPORT UNIT
SECURITIES WORLDWIDE,RAVEN POWER WORLDWIDE BAYSHORE DEPARTMENT
CENTRAL SPARROW DINING LIMITED,RAVEN LTD.
ATLAS CLOUD (UK) LIMITED,RADIANT MEDICAL COMPANY
PROGRESS INFORMATION INDUSTRIES LAKESIDE HUB,PROGRESS HOTEL (FRANCE) ASSOCIATES
POWER HOLDINGS,POWER INC.
PLATINUM PARTNERS ENTERPRISES,PLATINUM PHARMA (FRANCE) CORP.
NETWORK RESOURCES GLOBAL,PHOENIX SHIPPING INC.
NORTHWEST PLATINUM COMPONENTS GROUP,PARTNERSHIP CO.
ADVANCED ASSOCIATES,PARKVIEW TELECOM HOLDINGS
NORTHFIELD CROP ENTERPRISES,PACIFIC LLP
NOVA DEVICES LLP,OMNI PROPERTIES CO.
ASHLAND INDUSTRIES INDUSTRIES,OMEGA ENTERTAINMENT ASSOCIATES
CENTRAL FUSION CROP PARTNERS,OMEGA AGRICULTURAL (CANADA) PARTNERS
NEXUS INDUSTRIES CORPORATION,NORTHWEST SMART AGRICULTURAL INDUSTRIES
MULTI VEHICLES INC. HILLSIDE OUTLET,NORTHERN SKYLINE INTELLIGENCE INTERNATIONAL
CARE ASSOCIATES,NORTHERN MAJESTIC ARCHITECTURE PARTNERS
SOUTHPORT PUBLISHING GLOBAL,NORTHERN KEYSTONE MACHINERY COMPANY
CEDAR RESORT ENTERPRISES LAKESIDE DEPARTMENT,NORTHERN CASCADE TELECOM HOLDINGS
CHESTER ELECTRONICS CORP.,NORTHEAST NORTH INFORMATION LLC
CEDAR GROUP,NEXUS SHIPPING INTERNATIONAL NEWPORT FACILITY
AVIATION INC.,NETWORK CONSTRUCTION WORLDWIDE
ADVANCED TRANSPORT (SWITZERLAND) CORP.,MODERN INDUSTRIES
ADVANCED COMMERCE (SWITZERLAND) GROUP,METROPOLITAN LOGISTICS CO. GEORGETOWN DIVISION
MAPLETON RETAIL GLOBAL,MAPLETON STEEL LLC
BEVERAGE CO.,MADISON MARINE INC.
CLARITY INFORMATION CORP. GREENVILLE BRANCH,LUMINA NETWORK INTERNATIONAL WOODLAND OUTLET
BROOKFIELD ENTERPRISES INTERNATIONAL,LAKE STEEL PARTNERS
LAKE INTERNATIONAL,LAKE MACHINERY HOLDINGS
ALLIANCE LTD.,KEYSTONE WEB HOLDINGS
CAPITAL SHIPPING CORPORATION,KEYSTONE WEB (SWITZERLAND) LLC
COALITION FASHION LIMITED HILLSIDE OFFICE,KEYSTONE BANKING WORLDWIDE
HILLSIDE TECH LIMITED,HILLSIDE SOLUTIONS LTD.
ASSOCIATES GROUP,HILLSIDE SHOP CORP.
HILLSIDE TECH LIMITED,HILLSIDE SERVICES PARTNERS
CONTINENTAL MOBILITY LTD.,HILLSIDE RETAIL WORLDWIDE
COALITION HEALTH WORLDWIDE FRANKLIN UNIT,HAWK NETWORK (SWITZERLAND) INTERNATIONAL
HARBOR VEHICLES PARTNERS,HARMONY CHEMICALS LLC
ATLANTIC TRADING INTERNATIONAL,GREENVILLE GARMENT WORLDWIDE
COALITION TELECOM PARTNERS RIVERSIDE DIVISION,GLOBAL INTELLIGENCE (UK) INDUSTRIES
AUTOMOTIVE ASSOCIATES,GAMMA CORP LTD.
ATLAS LIFE (NORWAY) GLOBAL,FUSION CO.
COMMERCE ASSOCIATES,EPSILON DEVICES CORPORATION
CLARITY VEHICLES (SWEDEN) LLP,ENTERPRISES ASSOCIATES
CLEARWATER COMPUTING PARTNERS,ENGINEERING INC.
EVERGREEN AGRICULTURAL HOLDINGS GEORGETOWN STATION,EMERALD ENTERTAINMENT (AUSTRALIA) INDUSTRIES
FALCON POWER (AUSTRALIA) CORPORATION,ELITE MEDICAL LTD.
CLARITY VEHICLES (SWEDEN) LLP,ELITE FINANCIAL (CANADA) CORP.
CENTRAL DINING LLP NORTHFIELD UNIT,ECLIPSE MEDICAL (GERMANY) ENTERPRISES
ALPHA GROUP (SWEDEN) COMPANY,EASTERN QUAD MARKET LLP
ATLANTIC STORE INC. BROOKFIELD CENTER,EASTBROOK PROPERTIES INTERNATIONAL
EASTBROOK APPAREL PARTNERS,EASTBROOK ARCHITECTURE LLC
ASHLAND INDUSTRIES INDUSTRIES,EAST REALTY CORP. DOVER OUTLET
DYNAMIC INSURANCE INC.,DYNAMIC PHARMA (UK) CORPORATION
CLARITY TRADING GLOBAL,DYNAMIC INDUSTRIES
SOUTHEAST NOVA MINING LIMITED,DEVELOPMENT LLP
ZETA ASSETS PARTNERS,ZETA AUTO HOLDINGS SPRINGFIELD STATION
WOODLAND INFORMATION INDUSTRIES,VELOCITY BROADBAND (NETHERLANDS) HOLDINGS
WOODLAND HARVEST CO.,CRYSTAL AGRICULTURAL ENTERPRISES
WOODLAND GROUP GLOBAL,WOODLAND AUTOMOTIVE LLP
WOODLAND CYBER INTERNATIONAL,WOODLAND DATA INDUSTRIES
WESTMONT WEB INDUSTRIES,WESTMONT VENTURES ASSOCIATES
WESTMONT HEALTH GLOBAL,APEX CORPORATION
WESTFIELD MARKET LLC,WESTFIELD MINERALS LLC
WESTFIELD HARDWARE CORPORATION,WESTFIELD HARVEST GROUP
WESTFIELD CYBER CORPORATION,CRYSTAL COMMUNICATIONS ASSOCIATES
WESTERN UNITY COMMUNICATIONS HOLDINGS,WESTERN UNITY CYBER GROUP
WESTERN PHOENIX COMPUTING INDUSTRIES,AURORA SYSTEMS HOLDINGS FAIRVIEW FACILITY
WESTERN JADE HOTEL COMPANY,UNITED MART INDUSTRIES
WESTERN GAMMA COMPONENTS ASSOCIATES,DELTA PARTNERS LLP ASHLAND OUTLET
WESTERN FUSION DATA ENTERPRISES,WESTERN FUSION BIO CO.
WESTERN COALITION DINING LLP,WESTERN COALITION TEXTILE ASSOCIATES
WESTERN CAPITAL VEHICLES INDUSTRIES,WESTERN CONTINENTAL REALTY GROUP
WEST GARMENT INTERNATIONAL LAKESIDE DIVISION,BROOKFIELD BROTHERS WORLDWIDE
WEST CORPORATION,WEST CROP INC. GEORGETOWN UNIT
WEB ASSOCIATES,ASHLAND INSURANCE HOLDINGS
VISION LOGISTICS LLC,VISION PROPERTIES INDUSTRIES MANCHESTER DIVISION
VISION FOOD CO. SALEM CENTER,VISION GARMENT HOLDINGS
VISION ENGINEERING INTERNATIONAL ASHLAND FACILITY,BURLINGTON INFORMATION CO.
VISION DEVICES CO.,VISION DINING CORP.
VISION COMMERCE (SWEDEN) CORP.,COMMUNICATIONS CORP.
VERTEX INVESTMENT (SWITZERLAND) GROUP,CONTINENTAL MARKET WORLDWIDE
VERTEX DEVICES ENTERPRISES,VERTEX DIGITAL (SWEDEN) CO.
VERTEX COMPONENTS ASSOCIATES,CENTRAL MODERN WEB INTERNATIONAL
VERTEX BANKING (UK) LLP,VERTEX BIO INDUSTRIES BROOKFIELD BRANCH
VELOCITY MINING LIMITED,APEX GROUP LLP
VELOCITY MACHINERY (AUSTRALIA) INC.,VELOCITY MATERIALS CORPORATION
VELOCITY CORP (SINGAPORE) CORPORATION,CORE IRON LLP BROOKFIELD FACILITY
VEHICLES INC.,EASTERN MOMENTUM INTELLIGENCE INDUSTRIES
VANGUARD SHOP LIMITED MANCHESTER UNIT,VANGUARD SOFTWARE GLOBAL RIDGEWOOD DIVISION
VANGUARD SHOP LIMITED MANCHESTER UNIT,VANGUARD SOFTWARE (FRANCE) INDUSTRIES
VANGUARD MOTORS ENTERPRISES RIVERSIDE BRANCH,VANGUARD NETWORK (SINGAPORE) GLOBAL
VANGUARD HOLDINGS,VANGUARD HARDWARE (AUSTRALIA) GROUP
VANGUARD GROUP (SWEDEN) INTERNATIONAL,VANGUARD GROUP
VANGUARD BIO CO. BROOKFIELD BRANCH,VANGUARD CHEMICALS (UK) CORPORATION
VALLEY MARKET CO.,CREATIVE DEVICES (SINGAPORE) CO.
VALLEY MACHINERY (CANADA) COMPANY,VALLEY MACHINERY (FRANCE) GROUP
VALLEY INTELLIGENCE (SWEDEN) LLC,VALLEY INVESTMENT WORLDWIDE
VALLEY AGRICULTURAL LLC WESTMONT OFFICE,VALLEY ASSOCIATES
URBAN FARMING WORLDWIDE,COSMIC PARTNERS (SWEDEN) INTERNATIONAL
UNITY VEHICLES CORP.,UNITY STORE HOLDINGS MAPLETON OFFICE
UNITY MANUFACTURING (NORWAY) CORPORATION,UNITY MOTORS (GERMANY) INTERNATIONAL
UNITED TRADING (GERMANY) CORPORATION,AUTOMOTIVE ENTERPRISES
UNITED SOLUTIONS ASSOCIATES,TRIPLE INVESTMENT PARTNERS
UNITED PHARMA ASSOCIATES,UNITED PARTNERS
UNITED DATA LLC FRANKLIN UNIT,UNITED DEVELOPMENT (NETHERLANDS) INTERNATIONAL
TRIPLE WORLDWIDE,UNITED GARMENT INTERNATIONAL BURLINGTON FACILITY
TRIPLE MARKET GLOBAL EASTBROOK FACILITY,UNITY CONSTRUCTION LLC FAIRVIEW BRANCH
TRIPLE INSURANCE (AUSTRALIA) ENTERPRISES,TRIPLE INDUSTRIES
TRIPLE GLOBAL,AUTO INDUSTRIES
TRANSPORT ENTERPRISES,TECH LLP
TITAN TRANSPORT (SWEDEN) INTERNATIONAL,ALLIANCE MANUFACTURING CORPORATION
TITAN PARTNERS (AUSTRALIA) CO.,APEX LIMITED
TITAN HEALTH (SWEDEN) ENTERPRISES,ATLANTIC MANAGEMENT HOLDINGS CLEARWATER DIVISION
TITAN GROUP,SPRINGFIELD WIRELESS ASSOCIATES
TITAN FASHION INC.,TITAN FABRIC WORLDWIDE NEWPORT UNIT
TITAN BROADCASTING COMPANY,CENTRAL MULTI WIRELESS INDUSTRIES
THETA SHIPPING CORPORATION,THETA SOFTWARE ASSOCIATES
THETA LTD.,THETA MACHINERY (USA) INC.
THETA CO.,ALPHA TECH INDUSTRIES FRANKLIN CENTER
TEXTILE INDUSTRIES,TEXTILE INTERNATIONAL
SYNERGY REALTY HOLDINGS CHESTER DEPARTMENT,TECH CO.
SYNERGY METALS INTERNATIONAL CLINTON DIVISION,SYNERGY PHARMA HOLDINGS
SYNERGY LIFE (GERMANY) PARTNERS,SYNERGY LLC
SYNERGY HARVEST CORPORATION,CONTINENTAL DEVICES CORPORATION
SYNERGY DINING HOLDINGS,SPRINGFIELD ENGINEERING ENTERPRISES
SWIFT SERVICES ASSOCIATES,CREATIVE ARCHITECTURE (UK) CORPORATION
SWIFT SERVICES (SWITZERLAND) LIMITED,ALPHA HOLDINGS
SWIFT MINING (FRANCE) LLC,SWIFT MINING LLC
SWIFT GROUP ASSOCIATES,CONSULTING CORP.
SUMMIT SOFTWARE WORLDWIDE LAKESIDE UNIT,SUMMIT STUDIO HOLDINGS
SUMMIT MOBILITY ASSOCIATES NORTHFIELD BRANCH,SUMMIT NETWORK (SWITZERLAND) GLOBAL
SUMMIT INFRASTRUCTURE CORPORATION BAYSHORE OFFICE,SUMMIT INTELLIGENCE ENTERPRISES
STUDIO ENTERPRISES,STUDIO CO.
STUDIO ENTERPRISES,STORE LLC
STUDIO ENTERPRISES,STORE GROUP
STELLAR CYBER INC.,CAPITAL WORLDWIDE
STELLAR CORPORATION,BAYSHORE VENTURES LLC
STELLAR CORP.,CASCADE MACHINERY WORLDWIDE MAPLETON FACILITY
STELLAR AVIATION (UK) INC.,BRIGHT ENGINEERING (SINGAPORE) CO.
SPRINGFIELD TRANSPORT CORPORATION,SPRINGFIELD TRANSPORT LTD.
SPRINGFIELD HARDWARE CO.,ALLIANCE ENTERTAINMENT GROUP
SPRINGFIELD DEVICES LLP,SPRINGFIELD FOOD CORPORATION
SPARROW VENTURES INDUSTRIES BROOKFIELD FACILITY,SPARROW WIRELESS (GERMANY) CORP.
SPARROW MINING CORP. MANCHESTER FACILITY,SPARROW NETWORK (GERMANY) GROUP
SPARROW MINING CORP. MANCHESTER FACILITY,SPARROW PROPERTIES INC.
SPARROW MINING CORP. MANCHESTER FACILITY,SPARROW PARTNERS CORPORATION
SPARROW GLOBAL,APEX GROUP (AUSTRALIA) LLP
SOUTHWEST VISION MINING LLP,SOUTHWEST VISION RESOURCES CORPORATION
SOUTHWEST VISION AUTO CO.,ALLIANCE INDUSTRIES (USA) LLC
SOUTHWEST VANGUARD INVESTMENT WORLDWIDE,TRANSPORT INDUSTRIES
SOUTHWEST THETA DEVICES ENTERPRISES,CORE COMMERCE CORP.
SOUTHWEST SAPPHIRE ELECTRONICS GROUP,ALPHA STORE INDUSTRIES SPRINGFIELD BRANCH
SOUTHWEST PROGRESS STORE PARTNERS,CROWN STUDIO HOLDINGS RIVERSIDE FACILITY
SOUTHWEST OMNI STEEL CO.,CLEARWATER INSURANCE LIMITED
SOUTHWEST MOMENTUM ENTERTAINMENT WORLDWIDE,CONTINENTAL SOLUTIONS GROUP
SOUTHWEST LAKE SHOP CORP.,SOUTHWEST LUMINA ENTERPRISES LLP
SOUTHWEST CENTRAL CLOUD WORLDWIDE,CENTRAL INVESTMENT INDUSTRIES
SOUTHPORT MARINE INC.,GAMMA STUDIO (UK) CO.
SOUTHPORT HEALTH CORPORATION,SOUTHPORT HEALTH INC.
SOUTHERN VERTEX INFORMATION LLP,ATLANTIC PARTNERS INC.
SOUTHERN UNITY DATA INC.,CEDAR METALS ENTERPRISES SPRINGFIELD BRANCH
SOUTHERN STELLAR ARCHITECTURE LLC,SOUTHERN SKYLINE MART CORPORATION
SOUTHERN RADIANT ENGINEERING CORP.,SOUTHERN RADIANT FARMING LTD.
SOUTHERN MULTI CONSTRUCTION HOLDINGS,CHESTER DEVELOPMENT LIMITED
SOUTHERN JADE POWER LLC,SOUTHERN EMERALD MOTORS GROUP
SOUTHERN HORIZON BROADCASTING ENTERPRISES,SOUTHERN HORIZON MACHINERY GROUP
SOUTHERN DIAMOND STUDIO CORP.,SOUTHERN HORIZON SYSTEMS CORPORATION
SOUTHERN COSMIC HOLDINGS LTD.,SOUTHERN COSMIC MARKET CO.
SOUTHERN ATLAS REALTY LLP,SOUTHERN GAMMA INSURANCE INTERNATIONAL
SOUTHEAST VANGUARD INSURANCE CORP.,SOUTHEAST STELLAR HARDWARE GLOBAL
SOUTHEAST TRIPLE TRADING LTD.,SOUTHEAST TITAN BIO CO.
SOUTHEAST SYNERGY INFORMATION COMPANY,CENTRAL NEXUS FINANCIAL INC.
SOUTHEAST SYNERGY INFORMATION COMPANY,SOUTHEAST SWIFT METALS LLP
SOUTHEAST SWIFT DIGITAL LLP,BEVERAGE PARTNERS
SOUTHEAST SUMMIT CONSTRUCTION ASSOCIATES,SOUTHERN CENTRAL HOSPITALITY PARTNERS
SOUTHEAST SOUTH CONSULTING CORP.,BROOKFIELD MART PARTNERS
SOUTHEAST SMART AUTOMOTIVE INTERNATIONAL,SOUTHEAST SMART INTELLIGENCE HOLDINGS
SOUTHEAST OCEAN RETAIL INDUSTRIES,SOUTHEAST OCEAN SERVICES COMPANY
SOUTHEAST EVERGREEN VENTURES CORPORATION,SOUTHEAST FALCON ASSETS LIMITED
SOUTHEAST EAGLE RESOURCES HOLDINGS,SOUTHEAST ECLIPSE SERVICES LLC
SOUTHEAST DYNAMIC TRADING CO.,SOUTHEAST DYNAMIC STUDIO CO.
SOUTHEAST CROWN BROADCASTING LIMITED,BRILLIANT MINING WORLDWIDE
SOUTHEAST CREATIVE CYBER INTERNATIONAL,COALITION AUTO (GERMANY) LIMITED
SOUTHEAST CONTINENTAL COMPONENTS COMPANY,CREATIVE LIMITED
SOUTHEAST CENTRAL IRON LLP,SOUTHEAST CENTRAL LOGISTICS COMPANY
SOUTHEAST CENTRAL BROADCASTING COMPANY,CENTRAL ARCHITECTURE (USA) LIMITED
SOUTHEAST BRILLIANT FINANCIAL INC.,SOUTHEAST CAPITAL AUTO GLOBAL
SOUTHEAST APEX LOGISTICS LLP,SALEM TRANSPORT LLP
SOUTH TRADING INC.,VISION REALTY (GERMANY) ENTERPRISES
SOUTH MEDICAL LIMITED WOODLAND HUB,SOUTH MOTORS LIMITED MADISON STATION
SOUTH EQUIPMENT INTERNATIONAL,SOUTH FABRIC (SWITZERLAND) INTERNATIONAL
SOUTH CONSTRUCTION PARTNERS,SOUTH CO.
SOFTWARE CO.,CONTINENTAL PARTNERS
SMART POWER (SWITZERLAND) PARTNERS,SMART PUBLISHING (SWITZERLAND) PARTNERS
SMART LTD.,SOUTH GROUP
SMART ENTERPRISES,ATLAS MEDICAL (GERMANY) CO.
SKYLINE HOLDINGS HOLDINGS,SKYLINE HOTEL (SWITZERLAND) GROUP
SKYLINE DEVELOPMENT (NORWAY) WORLDWIDE,BRIGHT DEVICES GROUP
SKYLINE CORPORATION,CENTRAL MODERN DEVELOPMENT WORLDWIDE
SKYLINE COMMERCE PARTNERS EASTBROOK DIVISION,SKYLINE COMMUNICATIONS WORLDWIDE MADISON OUTLET
SILVERLINE VEHICLES COMPANY MANCHESTER BRANCH,EASTBROOK WEB CORP.
SILVERLINE TEXTILE PARTNERS,BRILLIANT BEVERAGE CORPORATION WESTFIELD OFFICE
SILVERLINE RESORT INTERNATIONAL BAYSHORE FACILITY,RIVERSIDE VENTURES COMPANY
SILVERLINE POWER INTERNATIONAL FRANKLIN UNIT,SILVERLINE PROPERTIES ENTERPRISES
SILVERLINE MINING LLC,BRILLIANT STUDIO ASSOCIATES
SILVERLINE LOGISTICS HOLDINGS CHESTER STATION,BETA RESOURCES INC. GEORGETOWN BRANCH
SILVERLINE INDUSTRIES (SWITZERLAND) CORP.,CENTRAL WORLDWIDE
SILVERLINE ENTERPRISES,COSMIC HEALTH LTD.
SILVERLINE ASSOCIATES,SAPPHIRE ASSOCIATES
SERVICES CORPORATION,SERVICES GLOBAL
SECURITIES INTERNATIONAL,CLINTON MEDICAL INTERNATIONAL
SECOND HOTEL CORP.,SAPPHIRE MARINE INC. NEWPORT FACILITY
SECOND AVIATION (FRANCE) ENTERPRISES,CENTRAL SYSTEMS LLC CLEARWATER OFFICE
SALEM NETWORK INC.,ATLAS CARE (NORWAY) CORPORATION
SALEM COMMUNICATIONS INDUSTRIES,BRIGHT CORPORATION
ROYAL WORLDWIDE,BRIGHT LLP
ROYAL TRANSPORT INDUSTRIES MADISON CENTER,ROYAL TRANSPORT INTERNATIONAL SPRINGFIELD FACILITY
ROYAL REALTY LIMITED MANCHESTER STATION,CHESTER GROUP COMPANY
ROYAL LTD.,ROYAL PUBLISHING LLP GEORGETOWN BRANCH
ROYAL GARMENT ASSOCIATES MIDTOWN HUB,ROYAL GARMENT HOLDINGS
ROYAL DEVICES INC.,ROYAL FINANCIAL (AUSTRALIA) LLP
ROYAL COMPUTING CORPORATION,ROYAL COMPONENTS INTERNATIONAL
ROYAL BEVERAGE (SWITZERLAND) INDUSTRIES,ADVANCED ELECTRONICS PARTNERS
RIVERSIDE RETAIL GLOBAL,CLARITY CORP CO. NORTHFIELD BRANCH
RIVERSIDE GARMENT LTD.,SMART RESORT CORP.
RIVERSIDE COMPUTING CORP.,RIVERSIDE COMPUTING HOLDINGS
RIVERSIDE AUTO LIMITED,RIVERSIDE AUTO LTD.
RIVER ELECTRONICS CORP.,RIVER ENTERPRISES
RIDGEWOOD MEDIA PARTNERS,ASSOCIATES LIMITED
RIDGEWOOD CONSTRUCTION WORLDWIDE,SOUTHWEST FUSION AUTOMOTIVE LIMITED
RIDGEWOOD BIO INDUSTRIES,RIDGEWOOD BROADBAND LLC
RESOURCES COMPANY,BIO GLOBAL
RAVEN WORLDWIDE,CENTRAL URBAN GARMENT CO.
RAVEN STORE LLP,AGRI INC.
RAVEN POWER WORLDWIDE BAYSHORE DEPARTMENT,RAVEN FABRIC INDUSTRIES CHESTER CENTER
RAVEN GROUP,BRILLIANT ENERGY CO.
RAPID POWER (SINGAPORE) LLC,RAPID SECURITIES (AUSTRALIA) LIMITED
RAPID CORPORATION,RAPID DEVICES WORLDWIDE
RAPID ASSETS INTERNATIONAL MAPLETON DIVISION,RADIANT DATA (UK) CO.
RADIANT MEDICAL COMPANY,RADIANT METALS LLP EASTBROOK HUB
QUANTUM MACHINERY COMPANY LAKESIDE DIVISION,AURORA VEHICLES (USA) ASSOCIATES
QUANTUM MACHINERY COMPANY LAKESIDE DIVISION,AURORA VEHICLES (NORWAY) LLP
QUANTUM HOTEL ENTERPRISES CLEARWATER BRANCH,QUANTUM INDUSTRIES
QUANTUM BEVERAGE (SWEDEN) INTERNATIONAL,QUANTUM BROADCASTING LIMITED
QUAD COMMUNICATIONS ASSOCIATES GREENVILLE HUB,QUAD COMMUNICATIONS LTD.
QUAD CAPITAL GROUP,QUAD CHEMICALS LIMITED RIDGEWOOD FACILITY
PROGRESS HOTEL (FRANCE) ASSOCIATES,PROGRESS INC.
PROGRESS DINING (SWITZERLAND) LIMITED,PROGRESS ELECTRONICS LLC
PROGRESS COMPANY,PROGRESS ASSETS CORP.
PRIME INTELLIGENCE GROUP,MAPLETON STUDIO PARTNERS
PRIME HOLDINGS INDUSTRIES RIDGEWOOD HUB,PRIME HOSPITALITY LLP
PRIME ENERGY (UK) LTD.,PRIME DEVICES ENTERPRISES WESTMONT DEPARTMENT
PRIME CO.,ATLANTIC CO.
PREMIER SOFTWARE (NETHERLANDS) ASSOCIATES,CONSTRUCTION LTD.
PREMIER HOTEL (SWITZERLAND) GROUP,PREMIER HARDWARE CORP. SALEM UNIT
PREMIER ENTERPRISES,PREMIER FABRIC (CANADA) PARTNERS
POWER COMPANY,CLEARWATER POWER GLOBAL
POWER COMPANY,CORE FABRIC ASSOCIATES EASTBROOK OUTLET
PLATINUM HOTEL INC.,PLATINUM INC.
PLATINUM HOTEL (AUSTRALIA) LIMITED,PLATINUM HOTEL CO.
PLATINUM FABRIC (CANADA) WORLDWIDE,PLATINUM GROUP
PLATINUM FABRIC (CANADA) WORLDWIDE,PLATINUM FABRIC (GERMANY) GROUP
PHOENIX RESORT INDUSTRIES DOVER OUTLET,PHOENIX RESOURCES LTD.
PHOENIX RESORT INDUSTRIES DOVER OUTLET,PHOENIX RESOURCES ENTERPRISES RIDGEWOOD STATION
PHOENIX ASSETS LIMITED,NORTHERN PREMIER GARMENT PARTNERS
PARTNERSHIP VENTURES GROUP,PARTNERSHIP WEB (AUSTRALIA) COMPANY
PARTNERSHIP TRANSPORT LIMITED,ASHLAND MEDICAL LLP
PARTNERSHIP SOLUTIONS (NETHERLANDS) LTD.,PARTNERSHIP STEEL (FRANCE) CORP.
PARTNERSHIP DATA INTERNATIONAL,CENTRAL HARVEST INDUSTRIES
PARTNERSHIP ASSOCIATES (USA) LTD.,COSMIC SOLUTIONS CORPORATION
PARTNERS GLOBAL,PARTNERS GROUP
PARKVIEW ASSETS COMPANY,CENTRAL HEALTH WORLDWIDE GREENVILLE OFFICE
PARKVIEW ASSETS COMPANY,CHESTER MART HOLDINGS
PARKVIEW ASSETS COMPANY,PLATINUM LLP
PARKVIEW ASSETS COMPANY,CENTRAL HAWK DATA LIMITED
PACIFIC SHOP ENTERPRISES,PACIFIC STEEL GLOBAL
PACIFIC BEVERAGE PARTNERS,PACIFIC BROTHERS (NETHERLANDS) WORLDWIDE
OMEGA HOSPITALITY (AUSTRALIA) INC.,NORTHEAST RADIANT POWER PARTNERS
OMEGA ENTERTAINMENT ASSOCIATES,OMEGA FABRIC (USA) LLP
OMEGA CYBER (USA) CO.,OMEGA DEVELOPMENT INDUSTRIES MAPLETON UNIT
OMEGA AGRICULTURAL (CANADA) PARTNERS,OMEGA ASSOCIATES
OCEAN MACHINERY LLC SPRINGFIELD DIVISION,OCEAN MANUFACTURING (AUSTRALIA) COMPANY
OCEAN FOOD HOLDINGS SPRINGFIELD UNIT,METROPOLITAN CONSTRUCTION CO.
OAKMONT WEB PARTNERS MAPLETON OUTLET,OAKMONT WIRELESS (FRANCE) ENTERPRISES
OAKMONT VEHICLES (NETHERLANDS) CO.,OCEAN LLP
OAKMONT SERVICES GROUP,OAKMONT SERVICES INTERNATIONAL BAYSHORE OUTLET
OAKMONT GROUP (CANADA) LLC,OAKMONT GROUP LLP
OAKMONT DATA GLOBAL,NORTHWEST VALLEY AGRI CO.
NORTHWEST UNITY REALTY LLC,NORTHWEST URBAN HOLDINGS INTERNATIONAL
NORTHWEST SAPPHIRE TELECOM WORLDWIDE,NORTH PARTNERS HOLDINGS MADISON DIVISION
NORTHWEST OMEGA ENERGY CORP.,NORTHWEST OMEGA TECH COMPANY
NORTHWEST MOMENTUM METALS HOLDINGS,NORTHWEST MOUNTAIN CAPITAL CORPORATION
NORTHWEST ECLIPSE HOTEL INTERNATIONAL,NORTHWEST ECLIPSE SERVICES INC.
NORTHWEST EAGLE COMPUTING WORLDWIDE,NORTHWEST DIAMOND ENTERPRISES CORP.
NORTHFIELD DATA LLP,NORTHFIELD DEVICES LLP
NORTHFIELD CARE GROUP,NORTHFIELD COMPONENTS CORPORATION
NORTHFIELD CARE GROUP,NORTHFIELD COMMUNICATIONS ASSOCIATES
NORTHFIELD CARE GROUP,NORTHFIELD CLOUD LTD.
NORTHFIELD CARE GROUP,NORTHFIELD CARE LLC
NORTHFIELD CARE GROUP,NORTHFIELD CONSULTING CORPORATION
NORTHERN SWIFT SHOP COMPANY,NORTHERN SWIFT STORE WORLDWIDE
NORTHERN SKYLINE INTELLIGENCE INTERNATIONAL,NORTHERN SKYLINE SERVICES INC.
NORTHERN PARTNERSHIP TELECOM HOLDINGS,NORTHERN PINNACLE HEALTH HOLDINGS
NORTHERN KEYSTONE MACHINERY COMPANY,NORTHERN LAKE AGRI HOLDINGS
NORTHERN HARBOR SECURITIES ASSOCIATES,NORTHERN HORIZON ARCHITECTURE LTD.
NORTHERN CEDAR HOLDINGS CORP.,SAPPHIRE LOGISTICS LLC NEWPORT CENTER
NORTHEAST SILVERLINE FARMING INTERNATIONAL,NORTHEAST SILVERLINE LIFE CORP.
NORTHEAST OMNI ENERGY GROUP,NORTHEAST OMEGA TEXTILE ENTERPRISES
NORTHEAST MAJESTIC SHOP CO.,NORTHEAST METROPOLITAN AUTOMOTIVE INC.
NORTHEAST HAWK BANKING ASSOCIATES,NORTHEAST HAWK DEVELOPMENT INDUSTRIES
NORTHEAST HAWK BANKING ASSOCIATES,NORTHEAST HAWK BROADBAND CO.
NORTHEAST ELITE WIRELESS GLOBAL,CENTRAL SECURITIES LLP
NORTHEAST ELITE MOTORS CORP.,NORTHERN ADVANCED LIFE GLOBAL
NORTHEAST ECLIPSE AGRI LTD.,NORTHEAST ECLIPSE HOSPITALITY INTERNATIONAL
NORTHEAST DYNAMIC DATA COMPANY,NORTHEAST DYNAMIC MOBILITY CO.
NORTH VENTURES INDUSTRIES WOODLAND OFFICE,NORTH VENTURES ENTERPRISES WESTMONT FACILITY
NORTH MOBILITY INC. BROOKFIELD OUTLET,NORTH PARTNERS
NEXUS WEB CORPORATION,NEXUS WEB GLOBAL
NEXUS SECURITIES CORP.,PARKVIEW HOLDINGS GLOBAL
NEXUS MEDIA GROUP,NEXUS MINERALS HOLDINGS
NEXUS LTD.,PARTNERSHIP PHARMA LLP PARKVIEW CENTER
NEXUS CARE LLC CLINTON DEPARTMENT,NEXUS COMMUNICATIONS (NETHERLANDS) ENTERPRISES
NEXUS CARE LLC CLINTON DEPARTMENT,NEXUS COMPONENTS PARTNERS
NEWPORT TECH LIMITED,CENTRAL FINANCIAL (NETHERLANDS) INTERNATIONAL
NETWORK DEVELOPMENT (NETHERLANDS) WORLDWIDE,NETWORK ELECTRONICS (NORWAY) GROUP
NETWORK BEVERAGE CORPORATION,NETWORK BROADBAND INTERNATIONAL PARKVIEW STATION
MULTI SOFTWARE INC.,MULTI STORE COMPANY
MULTI MINERALS (GERMANY) INTERNATIONAL,PACIFIC PARTNERS
MOUNTAIN CORPORATION,MOUNTAIN CORP.
MOUNTAIN COMMERCE CORP.,BETA INDUSTRIES GROUP
MOMENTUM MATERIALS (AUSTRALIA) ENTERPRISES,MOMENTUM MEDICAL LLC
MOMENTUM DIGITAL COMPANY,MOMENTUM DINING INDUSTRIES SALEM STATION
MODERN INDUSTRIES,MODERN INTERNATIONAL
MODERN CHEMICALS INDUSTRIES,CLINTON HARDWARE ENTERPRISES
MINING COMPANY,MODERN BROTHERS (AUSTRALIA) PARTNERS
MIDWEST GAMMA CROP LLC,MIDWEST MERIDIAN HARVEST GLOBAL
MIDWEST EPSILON INVESTMENT COMPANY,BAYSHORE FARMING HOLDINGS
MIDWEST CONTINENTAL DEVELOPMENT COMPANY,STELLAR LIFE CORPORATION
MIDWEST CENTRAL SOFTWARE PARTNERS,MIDWEST CENTRAL SYSTEMS ASSOCIATES
MIDWEST BETA INFORMATION GROUP,MIDWEST BETA ENTERTAINMENT WORLDWIDE
MIDWEST APEX PROPERTIES ASSOCIATES,MIDWEST APEX SOFTWARE ENTERPRISES
MIDTOWN STORE LLC,MIDTOWN STUDIO ENTERPRISES
MIDTOWN DINING CORPORATION,MIDTOWN ENERGY CORPORATION
MIDTOWN CONSTRUCTION CO.,CREATIVE ASSETS WORLDWIDE
MIDTOWN BROADBAND LTD.,MIDTOWN BROADBAND ENTERPRISES
METROPOLITAN STORE (UK) CORP.,MIDTOWN ASSETS LLC
METROPOLITAN PHARMA ASSOCIATES,CRYSTAL BANKING (AUSTRALIA) INC.
METROPOLITAN ARCHITECTURE LLC SPRINGFIELD STATION,BURLINGTON METALS PARTNERS
METALS INTERNATIONAL,METALS LLC
MERIDIAN TRANSPORT (FRANCE) INTERNATIONAL,METALS ASSOCIATES
MERIDIAN STORE INDUSTRIES,COMMERCE CORPORATION
MERIDIAN INTELLIGENCE WORLDWIDE BAYSHORE OUTLET,CREATIVE INTERNATIONAL
MERIDIAN HOSPITALITY INTERNATIONAL RIDGEWOOD DEPARTMENT,MERIDIAN INC.
MERIDIAN GLOBAL,MERIDIAN FOOD (SWEDEN) HOLDINGS
MERIDIAN AGRICULTURAL INC.,ATLAS WORLDWIDE
MERIDIAN AGRI COMPANY HILLSIDE CENTER,MEDIA PARTNERS
MERIDIAN AGRI COMPANY HILLSIDE CENTER,MEDICAL HOLDINGS
MERIDIAN AGRI COMPANY HILLSIDE CENTER,MEDICAL ENTERPRISES
MERIDIAN AGRI COMPANY HILLSIDE CENTER,MEDICAL CORPORATION
MART CORPORATION,CRYSTAL BROADCASTING LIMITED
MARKET INTERNATIONAL,MARKET LLC
MAPLETON WEB LLC,CAPITAL INC.
MANCHESTER FINANCIAL LIMITED,BRIGHT STEEL PARTNERS
MANAGEMENT LTD.,MANCHESTER LOGISTICS HOLDINGS
MAJESTIC INVESTMENT (NORWAY) COMPANY,MAJESTIC INVESTMENT (NORWAY) CORP.
MAJESTIC FARMING LLC BROOKFIELD FACILITY,MANCHESTER ARCHITECTURE INTERNATIONAL
MADISON INVESTMENT ASSOCIATES,MADISON INVESTMENT LLC
LUMINA FOOD COMPANY BROOKFIELD BRANCH,LUMINA GLOBAL
LUMINA DIGITAL LLP,LUMINA ELECTRONICS LIMITED SOUTHPORT BRANCH
LUMINA AUTOMOTIVE INC.,LUMINA AUTOMOTIVE LLC MIDTOWN OFFICE
LAKESIDE LIFE ASSOCIATES,LAKESIDE INSURANCE WORLDWIDE
LAKESIDE CARE GROUP,LAKESIDE COMMUNICATIONS LLP
LAKESIDE CARE GROUP,CAPITAL GROUP
LAKESIDE BROADCASTING HOLDINGS,CHESTER BEVERAGE CORPORATION
LAKE MACHINERY HOLDINGS,LAKE MANAGEMENT (FRANCE) ENTERPRISES
KEYSTONE TELECOM (SWEDEN) COMPANY,ATLANTIC STUDIO (AUSTRALIA) COMPANY
KEYSTONE MEDICAL (SINGAPORE) LTD.,CENTRAL CENTRAL RESORT INTERNATIONAL
KEYSTONE ASSOCIATES (NORWAY) COMPANY,CENTRAL ASSOCIATES CORP. BROOKFIELD STATION
JADE MATERIALS (AUSTRALIA) INDUSTRIES,BETA CORP (USA) ASSOCIATES
JADE INDUSTRIES,ATLANTIC VEHICLES PARTNERS BAYSHORE CENTER
JADE ENGINEERING WORLDWIDE RIVERSIDE UNIT,JADE ENTERPRISES
JADE DIGITAL CORPORATION WESTMONT OFFICE,JADE MEDIA INDUSTRIES
INNOVATIVE SERVICES LIMITED,INNOVATIVE SHIPPING CO.
INNOVATIVE GLOBAL,INNOVATIVE GROUP
INNOVATIVE GENETIC INTERNATIONAL WOODLAND DEPARTMENT,INTELLIGENCE HOLDINGS
INNOVATIVE ENTERTAINMENT (SWITZERLAND) ASSOCIATES,GAMMA CROP WORLDWIDE
INDUSTRIES COMPANY,APPAREL ENTERPRISES
IMPERIAL MINERALS CORP.,BRIGHT FOOD LIMITED BURLINGTON FACILITY
IMPERIAL LIFE GLOBAL,IMPERIAL LIMITED
IMPERIAL BEVERAGE INTERNATIONAL,IMPERIAL BROADCASTING LLP PARKVIEW OUTLET
HORIZON GROUP,HORIZON HARDWARE CO. BROOKFIELD HUB
HORIZON ENTERPRISES,HORIZON MINERALS (UK) GLOBAL
HORIZON CORP ASSOCIATES,ALLIANCE CARE (SWEDEN) INC.
HOLDINGS HOLDINGS,HILLSIDE STUDIO ASSOCIATES
HILLSIDE SOLUTIONS LTD.,HILLSIDE STORE LIMITED
HILLSIDE PUBLISHING GROUP,HILLSIDE PUBLISHING LTD.
HILLSIDE PROPERTIES CORPORATION,CAPITAL DATA INTERNATIONAL
HILLSIDE LOGISTICS INTERNATIONAL,HILLSIDE MANUFACTURING INTERNATIONAL
HILLSIDE BROADBAND ENTERPRISES,CENTRAL SWIFT INFRASTRUCTURE CO.
HAWK TEXTILE ASSOCIATES FRANKLIN BRANCH,HAWK SOFTWARE CORP.
HAWK ENGINEERING LTD.,HAWK ENTERPRISES
HARMONY TRADING INTERNATIONAL,INFRASTRUCTURE COMPANY
HARMONY TECH (UK) ENTERPRISES,HARMONY STEEL GROUP FAIRVIEW OUTLET
HARMONY CHEMICALS LLC,ATLAS VENTURES (USA) GROUP
HARMONY BIO WORLDWIDE FRANKLIN HUB,HARMONY BROADBAND INDUSTRIES SOUTHPORT OUTLET
HARBOR CORPORATION,ASHLAND TECH GROUP
GREENVILLE SHIPPING CORP.,GREENVILLE SHOP INC.
GREENVILLE LIFE LLC,CENTRAL PARTNERSHIP HOSPITALITY HOLDINGS
GREENVILLE GARMENT WORLDWIDE,GREENVILLE TRANSPORT LIMITED
GLOBAL RESORT (AUSTRALIA) ENTERPRISES,GLOBAL RESORT INC. DOVER FACILITY
GLOBAL PARTNERS GROUP WESTFIELD STATION,GLOBAL PHARMA HOLDINGS
GLOBAL INTELLIGENCE (UK) INDUSTRIES,CREATIVE PUBLISHING CORP.
GLOBAL INC.,GLOBAL HOLDINGS
GLOBAL ASSOCIATES,GLOBAL ASSETS LLC HILLSIDE OUTLET
GEORGETOWN CROP GLOBAL,GEORGETOWN DIGITAL GLOBAL
GENETIC COMPANY,GARMENT LLP
GAMMA TELECOM CORP. DOVER DIVISION,CASCADE CO.
GAMMA DEVELOPMENT GLOBAL,CENTRAL INTELLIGENCE (SINGAPORE) GROUP
GAMMA CORP.,ATLANTIC MARKET ENTERPRISES FRANKLIN HUB
GAMMA CONSULTING ENTERPRISES,OMNI ENTERPRISES
FUTURE GENETIC (NORWAY) WORLDWIDE,FUTURE FASHION CORP.
FUTURE APPAREL (AUSTRALIA) WORLDWIDE,FUTURE ARCHITECTURE COMPANY MADISON HUB
FUSION COMPANY,CREATIVE ENTERPRISES LIMITED NEWPORT STATION
FUSION CO.,CENTRAL PREMIER GENETIC HOLDINGS
FUSION AUTO (NETHERLANDS) LTD.,SOUTHERN EPSILON WIRELESS CO.
FUSION ARCHITECTURE (USA) LLC,FUSION ASSOCIATES
FRANKLIN ENTERPRISES LLP,AURORA LIMITED
FRANKLIN BEVERAGE ASSOCIATES,FRANKLIN BROTHERS CO.
FIRST SOFTWARE INTERNATIONAL,FIRST SOLUTIONS (FRANCE) CORP.
FALCON CONSULTING ENTERPRISES,CONTINENTAL BANKING COMPANY
FALCON APPAREL (NORWAY) INTERNATIONAL,FALCON ASSETS PARTNERS
FAIRVIEW WEB LTD.,FALCON AGRICULTURAL (AUSTRALIA) GLOBAL
FAIRVIEW VEHICLES WORLDWIDE,FAIRVIEW VENTURES PARTNERS
FAIRVIEW TRANSPORT CORPORATION,CREATIVE COMPONENTS PARTNERS
FAIRVIEW SHIPPING INTERNATIONAL,EQUIPMENT GLOBAL
EVERGREEN METALS GLOBAL ASHLAND OUTLET,EVERGREEN MEDIA GROUP RIVERSIDE STATION
EVERGREEN IRON (SWEDEN) HOLDINGS,ECLIPSE VEHICLES (FRANCE) LLP
EVERGREEN CO.,EMERALD TECH INDUSTRIES BAYSHORE STATION
EQUIPMENT LLP,EQUIPMENT LTD.
EPSILON INFRASTRUCTURE GROUP CLINTON DIVISION,EPSILON INTELLIGENCE (SWEDEN) ASSOCIATES
EPSILON DEVICES CORPORATION,EPSILON DIGITAL CORP.
EPSILON CARE (GERMANY) PARTNERS,EPSILON CAPITAL PARTNERS
ENTERTAINMENT ASSOCIATES,CEDAR STORE (SINGAPORE) ASSOCIATES
EMERALD MANUFACTURING LIMITED NEWPORT STATION,EMERALD STORE (UK) CORP.
EMERALD LIFE GROUP CLEARWATER UNIT,EMERALD LIMITED
ELITE MEDIA (CANADA) LTD.,FINANCIAL LLC
ELITE CORP.,ELITE CROP (UK) INDUSTRIES
ECLIPSE STUDIO GROUP MANCHESTER BRANCH,ECLIPSE SYSTEMS (NETHERLANDS) INDUSTRIES
ECLIPSE MEDICAL (GERMANY) ENTERPRISES,ECLIPSE PARTNERS
ECLIPSE LIFE (SWITZERLAND) ASSOCIATES,ECLIPSE IRON (NORWAY) ASSOCIATES
ECLIPSE INSURANCE HOLDINGS,FALCON INC.
ECLIPSE GROUP INTERNATIONAL RIVERSIDE DIVISION,ECLIPSE HARVEST GLOBAL
EASTERN UNITY DIGITAL HOLDINGS,EASTERN UNITED TRADING INTERNATIONAL
EASTERN PHOENIX HARDWARE CO.,BAYSHORE INVESTMENT PARTNERS
EASTERN LAKE HEALTH GROUP,EASTERN LUMINA BROTHERS INTERNATIONAL
EASTERN LAKE ENTERTAINMENT CO.,EASTERN HARMONY PROPERTIES PARTNERS
EASTERN HAWK LIFE CORP.,EASTERN HAWK NETWORK COMPANY
EASTERN HARMONY TRANSPORT LLP,EASTERN HAWK FABRIC INDUSTRIES
EASTERN GAMMA INFORMATION INC.,EASTERN GAMMA MATERIALS WORLDWIDE
EASTERN ELITE COMPONENTS LLP,CENTRAL POWER (NORWAY) PARTNERS
EASTERN DIAMOND FARMING ASSOCIATES,EASTERN DIAMOND FARMING COMPANY
EASTERN CROWN ENGINEERING ENTERPRISES,COSMIC SHOP ENTERPRISES SPRINGFIELD CENTER
EASTBROOK BANKING ASSOCIATES,COSMIC AVIATION (NETHERLANDS) LIMITED
EASTBROOK ARCHITECTURE LLC,EASTBROOK ASSOCIATES CO.
EASTBROOK AGRI INC.,CAPITAL SHOP LLC
EAST MINERALS INDUSTRIES,EAST MINERALS PARTNERS
EAST INDUSTRIES,EAST INDUSTRIES CO. LAKESIDE UNIT
EAST GARMENT INTERNATIONAL,EAST FOOD ENTERPRISES
EAST DATA HOLDINGS HILLSIDE OFFICE,EAST DEVELOPMENT LIMITED GEORGETOWN HUB
EAGLE RESOURCES (USA) LLP,CRYSTAL AGRICULTURAL (AUSTRALIA) LLC
EAGLE LOGISTICS CORP.,ALLIANCE INFORMATION INDUSTRIES MAPLETON FACILITY
EAGLE IRON CO.,BETA INTELLIGENCE (NORWAY) GROUP
EAGLE CLOUD COMPANY MAPLETON STATION,EAGLE CLOUD GLOBAL
DYNAMIC METALS (UK) CORPORATION,DYNAMIC METALS CORPORATION
DYNAMIC ENTERPRISES (CANADA) PARTNERS,ATLAS RESOURCES (NORWAY) CORPORATION
DOVER NETWORK INTERNATIONAL,DOVER INDUSTRIES LIMITED
DOVER MATERIALS INDUSTRIES,DOVER MEDICAL LLC
DOVER MATERIALS INDUSTRIES,DOVER METALS PARTNERS
DOVER LIFE LLP,DOVER IRON LLC
DIAMOND BROADBAND GLOBAL NEWPORT DEPARTMENT,DIAMOND BROADCASTING (SWEDEN) INTERNATIONAL
DEVICES PARTNERS,DIAMOND APPAREL GLOBAL ASHLAND STATION
DELTA WORLDWIDE,DEVELOPMENT CO.
DELTA MINING ENTERPRISES WESTFIELD FACILITY,DELTA MINING WORLDWIDE FRANKLIN STATION
CRYSTAL STEEL (GERMANY) WORLDWIDE,CYBER LLC
CRYSTAL STEEL (GERMANY) WORLDWIDE,CYBER PARTNERS
CRYSTAL STEEL (GERMANY) WORLDWIDE,CYBER WORLDWIDE
CRYSTAL STEEL (GERMANY) WORLDWIDE,DATA GROUP
CRYSTAL STEEL (GERMANY) WORLDWIDE,DATA CORP.
